round,client_id,train_loss,train_accuracy,val_loss,val_accuracy,num_samples,poisoned,poison_mode,global_loss,global_accuracy
1,0,1.9711214303970337,0.2667500078678131,1.6458808183670044,0.38749998807907104,8000,False,none,2.0181725025177,0.35040000081062317
1,1,1.9211965799331665,0.2866249978542328,1.7315032482147217,0.3889999985694885,8000,False,none,2.0181725025177,0.35040000081062317
1,2,1.9403631687164307,0.26475000381469727,1.6628745794296265,0.4020000100135803,8000,False,none,2.0181725025177,0.35040000081062317
1,3,1.941569447517395,0.27125000953674316,1.6510065793991089,0.3610000014305115,8000,False,none,2.0181725025177,0.35040000081062317
1,4,1.9763357639312744,0.26087498664855957,1.6563434600830078,0.4090000092983246,8000,False,none,2.0181725025177,0.35040000081062317
2,0,1.64833402633667,0.39287498593330383,1.5202717781066895,0.45249998569488525,8000,False,none,1.4491935968399048,0.48019999265670776
2,1,1.6070454120635986,0.4166249930858612,1.5805835723876953,0.43799999356269836,8000,False,none,1.4491935968399048,0.48019999265670776
2,2,1.6380454301834106,0.4000000059604645,1.4857869148254395,0.45100000500679016,8000,False,none,1.4491935968399048,0.48019999265670776
2,3,1.6400597095489502,0.3973749876022339,1.5022470951080322,0.44600000977516174,8000,False,none,1.4491935968399048,0.48019999265670776
2,4,1.6174737215042114,0.4103749990463257,1.487493872642517,0.4429999887943268,8000,False,none,1.4491935968399048,0.48019999265670776
