round,client_id,train_loss,train_accuracy,val_loss,val_accuracy,num_samples,poisoned,poison_mode
1,0,1.9711214303970337,0.2667500078678131,1.6458808183670044,0.38749998807907104,8000,False,none
1,1,1.9211965799331665,0.2866249978542328,1.7315032482147217,0.3889999985694885,8000,False,none
1,2,1.9403631687164307,0.26475000381469727,1.6628745794296265,0.4020000100135803,8000,False,none
1,3,1.941569447517395,0.27125000953674316,1.6510065793991089,0.3610000014305115,8000,False,none
1,4,1.9763357639312744,0.26087498664855957,1.6563434600830078,0.4090000092983246,8000,False,none
2,0,1.6493163108825684,0.3955000042915344,1.5037564039230347,0.4645000100135803,8000,False,none
2,1,1.6061514616012573,0.41712498664855957,1.5575803518295288,0.44699999690055847,8000,False,none
2,2,1.637784719467163,0.40062499046325684,1.482499361038208,0.4494999945163727,8000,False,none
2,3,1.6399723291397095,0.39649999141693115,1.5080833435058594,0.4415000081062317,8000,False,none
2,4,1.6179949045181274,0.41100001335144043,1.4980000257492065,0.44350001215934753,8000,False,none
